﻿data,filename
NuvCTF{HAHAHA_FAKE_FLAG1},NuvCTF{HAHAHA_FAKE_FLAG1}.png
NuvCTF{HAHAHA_FAKE_FLAG2},NuvCTF{HAHAHA_FAKE_FLAG2}.png
NuvCTF{HAHAHA_FAKE_FLAG3},NuvCTF{HAHAHA_FAKE_FLAG3}.png
NuvCTF{HAHAHA_FAKE_FLAG4},NuvCTF{HAHAHA_FAKE_FLAG4}.png
NuvCTF{HAHAHA_FAKE_FLAG5},NuvCTF{HAHAHA_FAKE_FLAG5}.png
NuvCTF{HAHAHA_FAKE_FLAG6},NuvCTF{HAHAHA_FAKE_FLAG6}.png
NuvCTF{HAHAHA_FAKE_FLAG7},NuvCTF{HAHAHA_FAKE_FLAG7}.png
NuvCTF{HAHAHA_FAKE_FLAG8},NuvCTF{HAHAHA_FAKE_FLAG8}.png
NuvCTF{HAHAHA_FAKE_FLAG9},NuvCTF{HAHAHA_FAKE_FLAG9}.png
NuvCTF{HAHAHA_FAKE_FLAG10},NuvCTF{HAHAHA_FAKE_FLAG10}.png
NuvCTF{HAHAHA_FAKE_FLAG11},NuvCTF{HAHAHA_FAKE_FLAG11}.png
NuvCTF{HAHAHA_FAKE_FLAG12},NuvCTF{HAHAHA_FAKE_FLAG12}.png
NuvCTF{HAHAHA_FAKE_FLAG13},NuvCTF{HAHAHA_FAKE_FLAG13}.png
NuvCTF{HAHAHA_FAKE_FLAG14},NuvCTF{HAHAHA_FAKE_FLAG14}.png
NuvCTF{HAHAHA_FAKE_FLAG15},NuvCTF{HAHAHA_FAKE_FLAG15}.png
NuvCTF{HAHAHA_FAKE_FLAG16},NuvCTF{HAHAHA_FAKE_FLAG16}.png
NuvCTF{HAHAHA_FAKE_FLAG17},NuvCTF{HAHAHA_FAKE_FLAG17}.png
NuvCTF{HAHAHA_FAKE_FLAG18},NuvCTF{HAHAHA_FAKE_FLAG18}.png
NuvCTF{HAHAHA_FAKE_FLAG19},NuvCTF{HAHAHA_FAKE_FLAG19}.png
NuvCTF{HAHAHA_FAKE_FLAG20},NuvCTF{HAHAHA_FAKE_FLAG20}.png
NuvCTF{HAHAHA_FAKE_FLAG21},NuvCTF{HAHAHA_FAKE_FLAG21}.png
NuvCTF{HAHAHA_FAKE_FLAG22},NuvCTF{HAHAHA_FAKE_FLAG22}.png
NuvCTF{HAHAHA_FAKE_FLAG23},NuvCTF{HAHAHA_FAKE_FLAG23}.png
NuvCTF{HAHAHA_FAKE_FLAG24},NuvCTF{HAHAHA_FAKE_FLAG24}.png
NuvCTF{HAHAHA_FAKE_FLAG25},NuvCTF{HAHAHA_FAKE_FLAG25}.png
NuvCTF{HAHAHA_FAKE_FLAG26},NuvCTF{HAHAHA_FAKE_FLAG26}.png
NuvCTF{HAHAHA_FAKE_FLAG27},NuvCTF{HAHAHA_FAKE_FLAG27}.png
NuvCTF{HAHAHA_FAKE_FLAG28},NuvCTF{HAHAHA_FAKE_FLAG28}.png
NuvCTF{HAHAHA_FAKE_FLAG29},NuvCTF{HAHAHA_FAKE_FLAG29}.png
NuvCTF{HAHAHA_FAKE_FLAG30},NuvCTF{HAHAHA_FAKE_FLAG30}.png
NuvCTF{HAHAHA_FAKE_FLAG31},NuvCTF{HAHAHA_FAKE_FLAG31}.png
NuvCTF{HAHAHA_FAKE_FLAG32},NuvCTF{HAHAHA_FAKE_FLAG32}.png
NuvCTF{HAHAHA_FAKE_FLAG33},NuvCTF{HAHAHA_FAKE_FLAG33}.png
NuvCTF{HAHAHA_FAKE_FLAG34},NuvCTF{HAHAHA_FAKE_FLAG34}.png
NuvCTF{HAHAHA_FAKE_FLAG35},NuvCTF{HAHAHA_FAKE_FLAG35}.png
NuvCTF{HAHAHA_FAKE_FLAG36},NuvCTF{HAHAHA_FAKE_FLAG36}.png
NuvCTF{HAHAHA_FAKE_FLAG37},NuvCTF{HAHAHA_FAKE_FLAG37}.png
NuvCTF{HAHAHA_FAKE_FLAG38},NuvCTF{HAHAHA_FAKE_FLAG38}.png
NuvCTF{HAHAHA_FAKE_FLAG39},NuvCTF{HAHAHA_FAKE_FLAG39}.png
NuvCTF{HAHAHA_FAKE_FLAG40},NuvCTF{HAHAHA_FAKE_FLAG40}.png
NuvCTF{HAHAHA_FAKE_FLAG41},NuvCTF{HAHAHA_FAKE_FLAG41}.png
NuvCTF{HAHAHA_FAKE_FLAG42},NuvCTF{HAHAHA_FAKE_FLAG42}.png
NuvCTF{HAHAHA_FAKE_FLAG43},NuvCTF{HAHAHA_FAKE_FLAG43}.png
NuvCTF{HAHAHA_FAKE_FLAG44},NuvCTF{HAHAHA_FAKE_FLAG44}.png
NuvCTF{HAHAHA_FAKE_FLAG45},NuvCTF{HAHAHA_FAKE_FLAG45}.png
NuvCTF{HAHAHA_FAKE_FLAG46},NuvCTF{HAHAHA_FAKE_FLAG46}.png
NuvCTF{HAHAHA_FAKE_FLAG47},NuvCTF{HAHAHA_FAKE_FLAG47}.png
NuvCTF{HAHAHA_FAKE_FLAG48},NuvCTF{HAHAHA_FAKE_FLAG48}.png
NuvCTF{HAHAHA_FAKE_FLAG49},NuvCTF{HAHAHA_FAKE_FLAG49}.png
NuvCTF{HAHAHA_FAKE_FLAG50},NuvCTF{HAHAHA_FAKE_FLAG50}.png
NuvCTF{HAHAHA_FAKE_FLAG51},NuvCTF{HAHAHA_FAKE_FLAG51}.png
NuvCTF{HAHAHA_FAKE_FLAG52},NuvCTF{HAHAHA_FAKE_FLAG52}.png
NuvCTF{HAHAHA_FAKE_FLAG53},NuvCTF{HAHAHA_FAKE_FLAG53}.png
NuvCTF{HAHAHA_FAKE_FLAG54},NuvCTF{HAHAHA_FAKE_FLAG54}.png
NuvCTF{HAHAHA_FAKE_FLAG55},NuvCTF{HAHAHA_FAKE_FLAG55}.png
NuvCTF{HAHAHA_FAKE_FLAG56},NuvCTF{HAHAHA_FAKE_FLAG56}.png
NuvCTF{HAHAHA_FAKE_FLAG57},NuvCTF{HAHAHA_FAKE_FLAG57}.png
NuvCTF{HAHAHA_FAKE_FLAG58},NuvCTF{HAHAHA_FAKE_FLAG58}.png
NuvCTF{HAHAHA_FAKE_FLAG59},NuvCTF{HAHAHA_FAKE_FLAG59}.png
NuvCTF{HAHAHA_FAKE_FLAG60},NuvCTF{HAHAHA_FAKE_FLAG60}.png
NuvCTF{HAHAHA_FAKE_FLAG61},NuvCTF{HAHAHA_FAKE_FLAG61}.png
NuvCTF{HAHAHA_FAKE_FLAG62},NuvCTF{HAHAHA_FAKE_FLAG62}.png
NuvCTF{HAHAHA_FAKE_FLAG63},NuvCTF{HAHAHA_FAKE_FLAG63}.png
NuvCTF{HAHAHA_FAKE_FLAG64},NuvCTF{HAHAHA_FAKE_FLAG64}.png
NuvCTF{HAHAHA_FAKE_FLAG65},NuvCTF{HAHAHA_FAKE_FLAG65}.png
NuvCTF{HAHAHA_FAKE_FLAG66},NuvCTF{HAHAHA_FAKE_FLAG66}.png
NuvCTF{HAHAHA_FAKE_FLAG67},NuvCTF{HAHAHA_FAKE_FLAG67}.png
NuvCTF{HAHAHA_FAKE_FLAG68},NuvCTF{HAHAHA_FAKE_FLAG68}.png
NuvCTF{HAHAHA_FAKE_FLAG69},NuvCTF{HAHAHA_FAKE_FLAG69}.png
NuvCTF{HAHAHA_FAKE_FLAG70},NuvCTF{HAHAHA_FAKE_FLAG70}.png
NuvCTF{HAHAHA_FAKE_FLAG71},NuvCTF{HAHAHA_FAKE_FLAG71}.png
NuvCTF{HAHAHA_FAKE_FLAG72},NuvCTF{HAHAHA_FAKE_FLAG72}.png
NuvCTF{HAHAHA_FAKE_FLAG73},NuvCTF{HAHAHA_FAKE_FLAG73}.png
NuvCTF{HAHAHA_FAKE_FLAG74},NuvCTF{HAHAHA_FAKE_FLAG74}.png
NuvCTF{HAHAHA_FAKE_FLAG75},NuvCTF{HAHAHA_FAKE_FLAG75}.png
NuvCTF{HAHAHA_FAKE_FLAG76},NuvCTF{HAHAHA_FAKE_FLAG76}.png
NuvCTF{HAHAHA_FAKE_FLAG77},NuvCTF{HAHAHA_FAKE_FLAG77}.png
NuvCTF{HAHAHA_FAKE_FLAG78},NuvCTF{HAHAHA_FAKE_FLAG78}.png
NuvCTF{HAHAHA_FAKE_FLAG79},NuvCTF{HAHAHA_FAKE_FLAG79}.png
NuvCTF{HAHAHA_FAKE_FLAG80},NuvCTF{HAHAHA_FAKE_FLAG80}.png
NuvCTF{HAHAHA_FAKE_FLAG81},NuvCTF{HAHAHA_FAKE_FLAG81}.png
NuvCTF{HAHAHA_FAKE_FLAG82},NuvCTF{HAHAHA_FAKE_FLAG82}.png
NuvCTF{HAHAHA_FAKE_FLAG83},NuvCTF{HAHAHA_FAKE_FLAG83}.png
NuvCTF{HAHAHA_FAKE_FLAG84},NuvCTF{HAHAHA_FAKE_FLAG84}.png
NuvCTF{HAHAHA_FAKE_FLAG85},NuvCTF{HAHAHA_FAKE_FLAG85}.png
NuvCTF{HAHAHA_FAKE_FLAG86},NuvCTF{HAHAHA_FAKE_FLAG86}.png
NuvCTF{HAHAHA_FAKE_FLAG87},NuvCTF{HAHAHA_FAKE_FLAG87}.png
NuvCTF{HAHAHA_FAKE_FLAG88},NuvCTF{HAHAHA_FAKE_FLAG88}.png
NuvCTF{HAHAHA_FAKE_FLAG89},NuvCTF{HAHAHA_FAKE_FLAG89}.png
NuvCTF{HAHAHA_FAKE_FLAG90},NuvCTF{HAHAHA_FAKE_FLAG90}.png
NuvCTF{HAHAHA_FAKE_FLAG91},NuvCTF{HAHAHA_FAKE_FLAG91}.png
NuvCTF{HAHAHA_FAKE_FLAG92},NuvCTF{HAHAHA_FAKE_FLAG92}.png
NuvCTF{HAHAHA_FAKE_FLAG93},NuvCTF{HAHAHA_FAKE_FLAG93}.png
NuvCTF{HAHAHA_FAKE_FLAG94},NuvCTF{HAHAHA_FAKE_FLAG94}.png
NuvCTF{HAHAHA_FAKE_FLAG95},NuvCTF{HAHAHA_FAKE_FLAG95}.png
NuvCTF{HAHAHA_FAKE_FLAG96},NuvCTF{HAHAHA_FAKE_FLAG96}.png
NuvCTF{HAHAHA_FAKE_FLAG97},NuvCTF{HAHAHA_FAKE_FLAG97}.png
NuvCTF{HAHAHA_FAKE_FLAG98},NuvCTF{HAHAHA_FAKE_FLAG98}.png
NuvCTF{HAHAHA_FAKE_FLAG99},NuvCTF{HAHAHA_FAKE_FLAG99}.png
NuvCTF{HAHAHA_FAKE_FLAG100},NuvCTF{HAHAHA_FAKE_FLAG100}.png